name,role,manufacturer,device_type,platform,site,location,rack,position,face,status,airflow,tenant,serial,asset_tag,description,comments
FW-01,Firewall,Fortinet,FortiGate 100F,FortiOS 7.4,Sprintpark HQ,Ground Floor Comms Room,RACK-02,42,front,active,front-to-rear,Sprintpark IT,DEMO42FG-1,SPK-RACK-02-U42,Firewall at shelf 42,Example data for demonstration. Not observed equipment.
FW-02,Firewall,Fortinet,FortiGate 100F,FortiOS 7.4,Sprintpark HQ,Ground Floor Comms Room,RACK-02,41,front,active,front-to-rear,Sprintpark IT,DEMO41FG-1,SPK-RACK-02-U41,Firewall at shelf 41,Example data for demonstration. Not observed equipment.
RTR-01,Router,Cisco,ISR 4331,Cisco IOS-XE 17,Sprintpark HQ,Ground Floor Comms Room,RACK-02,40,front,active,front-to-rear,Sprintpark IT,DEMO40ISR4,SPK-RACK-02-U40,Router at shelf 40,Example data for demonstration. Not observed equipment.
RTR-02,Router,Cisco,ISR 4331,Cisco IOS-XE 17,Sprintpark HQ,Ground Floor Comms Room,RACK-02,39,front,active,front-to-rear,Sprintpark IT,DEMO39ISR4,SPK-RACK-02-U39,Router at shelf 39,Example data for demonstration. Not observed equipment.
CORE-01,Core Switch,Cisco,Catalyst 9300-48P,Cisco IOS-XE 17,Sprintpark HQ,Ground Floor Comms Room,RACK-02,38,front,active,front-to-rear,Sprintpark IT,DEMO38C930,SPK-RACK-02-U38,Core Switch at shelf 38,Example data for demonstration. Not observed equipment.
CORE-02,Core Switch,Cisco,Catalyst 9300-48P,Cisco IOS-XE 17,Sprintpark HQ,Ground Floor Comms Room,RACK-02,37,front,active,front-to-rear,Sprintpark IT,DEMO37C930,SPK-RACK-02-U37,Core Switch at shelf 37,Example data for demonstration. Not observed equipment.
PP-01,Patch Panel,Generic,24-Port Patch Panel,,Sprintpark HQ,Ground Floor Comms Room,RACK-02,36,front,active,passive,Sprintpark IT,DEMO36PP-2,SPK-RACK-02-U36,Patch Panel at shelf 36,Example data for demonstration. Not observed equipment.
PP-02,Patch Panel,Generic,24-Port Patch Panel,,Sprintpark HQ,Ground Floor Comms Room,RACK-02,35,front,active,passive,Sprintpark IT,DEMO35PP-2,SPK-RACK-02-U35,Patch Panel at shelf 35,Example data for demonstration. Not observed equipment.
PP-03,Patch Panel,Generic,24-Port Patch Panel,,Sprintpark HQ,Ground Floor Comms Room,RACK-02,34,front,active,passive,Sprintpark IT,DEMO34PP-2,SPK-RACK-02-U34,Patch Panel at shelf 34,Example data for demonstration. Not observed equipment.
PP-04,Patch Panel,Generic,24-Port Patch Panel,,Sprintpark HQ,Ground Floor Comms Room,RACK-02,33,front,active,passive,Sprintpark IT,DEMO33PP-2,SPK-RACK-02-U33,Patch Panel at shelf 33,Example data for demonstration. Not observed equipment.
ACC-01,Access Switch,Cisco,Catalyst 9200-48P,Cisco IOS-XE 17,Sprintpark HQ,Ground Floor Comms Room,RACK-02,32,front,active,front-to-rear,Sprintpark IT,DEMO32C920,SPK-RACK-02-U32,Access Switch at shelf 32,Example data for demonstration. Not observed equipment.
ACC-02,Access Switch,Cisco,Catalyst 9200-48P,Cisco IOS-XE 17,Sprintpark HQ,Ground Floor Comms Room,RACK-02,31,front,active,front-to-rear,Sprintpark IT,DEMO31C920,SPK-RACK-02-U31,Access Switch at shelf 31,Example data for demonstration. Not observed equipment.
ACC-03,Access Switch,Cisco,Catalyst 9200-48P,Cisco IOS-XE 17,Sprintpark HQ,Ground Floor Comms Room,RACK-02,30,front,active,front-to-rear,Sprintpark IT,DEMO30C920,SPK-RACK-02-U30,Access Switch at shelf 30,Example data for demonstration. Not observed equipment.
ACC-04,Access Switch,Cisco,Catalyst 9200-48P,Cisco IOS-XE 17,Sprintpark HQ,Ground Floor Comms Room,RACK-02,29,front,active,front-to-rear,Sprintpark IT,DEMO29C920,SPK-RACK-02-U29,Access Switch at shelf 29,Example data for demonstration. Not observed equipment.
ACC-05,Access Switch,Cisco,Catalyst 9200-48P,Cisco IOS-XE 17,Sprintpark HQ,Ground Floor Comms Room,RACK-02,28,front,active,front-to-rear,Sprintpark IT,DEMO28C920,SPK-RACK-02-U28,Access Switch at shelf 28,Example data for demonstration. Not observed equipment.
ACC-06,Access Switch,Cisco,Catalyst 9200-48P,Cisco IOS-XE 17,Sprintpark HQ,Ground Floor Comms Room,RACK-02,27,front,active,front-to-rear,Sprintpark IT,DEMO27C920,SPK-RACK-02-U27,Access Switch at shelf 27,Example data for demonstration. Not observed equipment.
ACC-07,Access Switch,Cisco,Catalyst 9200-48P,Cisco IOS-XE 17,Sprintpark HQ,Ground Floor Comms Room,RACK-02,26,front,active,front-to-rear,Sprintpark IT,DEMO26C920,SPK-RACK-02-U26,Access Switch at shelf 26,Example data for demonstration. Not observed equipment.
ACC-08,Access Switch,Cisco,Catalyst 9200-48P,Cisco IOS-XE 17,Sprintpark HQ,Ground Floor Comms Room,RACK-02,25,front,active,front-to-rear,Sprintpark IT,DEMO25C920,SPK-RACK-02-U25,Access Switch at shelf 25,Example data for demonstration. Not observed equipment.
ACC-09,Access Switch,Cisco,Catalyst 9200-48P,Cisco IOS-XE 17,Sprintpark HQ,Ground Floor Comms Room,RACK-02,24,front,active,front-to-rear,Sprintpark IT,DEMO24C920,SPK-RACK-02-U24,Access Switch at shelf 24,Example data for demonstration. Not observed equipment.
ACC-10,Access Switch,Cisco,Catalyst 9200-48P,Cisco IOS-XE 17,Sprintpark HQ,Ground Floor Comms Room,RACK-02,23,front,active,front-to-rear,Sprintpark IT,DEMO23C920,SPK-RACK-02-U23,Access Switch at shelf 23,Example data for demonstration. Not observed equipment.
ACC-11,Access Switch,Cisco,Catalyst 9200-48P,Cisco IOS-XE 17,Sprintpark HQ,Ground Floor Comms Room,RACK-02,22,front,active,front-to-rear,Sprintpark IT,DEMO22C920,SPK-RACK-02-U22,Access Switch at shelf 22,Example data for demonstration. Not observed equipment.
ACC-12,Access Switch,Cisco,Catalyst 9200-48P,Cisco IOS-XE 17,Sprintpark HQ,Ground Floor Comms Room,RACK-02,21,front,active,front-to-rear,Sprintpark IT,DEMO21C920,SPK-RACK-02-U21,Access Switch at shelf 21,Example data for demonstration. Not observed equipment.
ACC-13,Access Switch,Cisco,Catalyst 9200-48P,Cisco IOS-XE 17,Sprintpark HQ,Ground Floor Comms Room,RACK-02,20,front,active,front-to-rear,Sprintpark IT,DEMO20C920,SPK-RACK-02-U20,Access Switch at shelf 20,Example data for demonstration. Not observed equipment.
ACC-14,Access Switch,Cisco,Catalyst 9200-48P,Cisco IOS-XE 17,Sprintpark HQ,Ground Floor Comms Room,RACK-02,19,front,active,front-to-rear,Sprintpark IT,DEMO19C920,SPK-RACK-02-U19,Access Switch at shelf 19,Example data for demonstration. Not observed equipment.
ACC-15,Access Switch,Cisco,Catalyst 9200-48P,Cisco IOS-XE 17,Sprintpark HQ,Ground Floor Comms Room,RACK-02,18,front,active,front-to-rear,Sprintpark IT,DEMO18C920,SPK-RACK-02-U18,Access Switch at shelf 18,Example data for demonstration. Not observed equipment.
ACC-16,Access Switch,Cisco,Catalyst 9200-48P,Cisco IOS-XE 17,Sprintpark HQ,Ground Floor Comms Room,RACK-02,17,front,active,front-to-rear,Sprintpark IT,DEMO17C920,SPK-RACK-02-U17,Access Switch at shelf 17,Example data for demonstration. Not observed equipment.
ACC-17,Access Switch,Cisco,Catalyst 9200-48P,Cisco IOS-XE 17,Sprintpark HQ,Ground Floor Comms Room,RACK-02,16,front,active,front-to-rear,Sprintpark IT,DEMO16C920,SPK-RACK-02-U16,Access Switch at shelf 16,Example data for demonstration. Not observed equipment.
ACC-18,Access Switch,Cisco,Catalyst 9200-48P,Cisco IOS-XE 17,Sprintpark HQ,Ground Floor Comms Room,RACK-02,15,front,active,front-to-rear,Sprintpark IT,DEMO15C920,SPK-RACK-02-U15,Access Switch at shelf 15,Example data for demonstration. Not observed equipment.
ACC-19,Access Switch,Cisco,Catalyst 9200-48P,Cisco IOS-XE 17,Sprintpark HQ,Ground Floor Comms Room,RACK-02,14,front,active,front-to-rear,Sprintpark IT,DEMO14C920,SPK-RACK-02-U14,Access Switch at shelf 14,Example data for demonstration. Not observed equipment.
ACC-20,Access Switch,Cisco,Catalyst 9200-48P,Cisco IOS-XE 17,Sprintpark HQ,Ground Floor Comms Room,RACK-02,13,front,active,front-to-rear,Sprintpark IT,DEMO13C920,SPK-RACK-02-U13,Access Switch at shelf 13,Example data for demonstration. Not observed equipment.
SRV-01,Server,Dell,PowerEdge R650,Ubuntu 24.04,Sprintpark HQ,Ground Floor Comms Room,RACK-02,12,front,active,front-to-rear,Sprintpark IT,DEMO12R650,SPK-RACK-02-U12,Server at shelf 12,Example data for demonstration. Not observed equipment.
SRV-02,Server,Dell,PowerEdge R650,Ubuntu 24.04,Sprintpark HQ,Ground Floor Comms Room,RACK-02,11,front,active,front-to-rear,Sprintpark IT,DEMO11R650,SPK-RACK-02-U11,Server at shelf 11,Example data for demonstration. Not observed equipment.
SRV-03,Server,Dell,PowerEdge R650,Ubuntu 24.04,Sprintpark HQ,Ground Floor Comms Room,RACK-02,10,front,active,front-to-rear,Sprintpark IT,DEMO10R650,SPK-RACK-02-U10,Server at shelf 10,Example data for demonstration. Not observed equipment.
SRV-04,Server,Dell,PowerEdge R650,Ubuntu 24.04,Sprintpark HQ,Ground Floor Comms Room,RACK-02,9,front,active,front-to-rear,Sprintpark IT,DEMO09R650,SPK-RACK-02-U09,Server at shelf 9,Example data for demonstration. Not observed equipment.
SRV-05,Server,Dell,PowerEdge R650,Ubuntu 24.04,Sprintpark HQ,Ground Floor Comms Room,RACK-02,8,front,active,front-to-rear,Sprintpark IT,DEMO08R650,SPK-RACK-02-U08,Server at shelf 8,Example data for demonstration. Not observed equipment.
SRV-06,Server,Dell,PowerEdge R650,Ubuntu 24.04,Sprintpark HQ,Ground Floor Comms Room,RACK-02,7,front,active,front-to-rear,Sprintpark IT,DEMO07R650,SPK-RACK-02-U07,Server at shelf 7,Example data for demonstration. Not observed equipment.
SRV-07,Server,Dell,PowerEdge R650,Ubuntu 24.04,Sprintpark HQ,Ground Floor Comms Room,RACK-02,6,front,active,front-to-rear,Sprintpark IT,DEMO06R650,SPK-RACK-02-U06,Server at shelf 6,Example data for demonstration. Not observed equipment.
SRV-08,Server,Dell,PowerEdge R650,Ubuntu 24.04,Sprintpark HQ,Ground Floor Comms Room,RACK-02,5,front,active,front-to-rear,Sprintpark IT,DEMO05R650,SPK-RACK-02-U05,Server at shelf 5,Example data for demonstration. Not observed equipment.
OOB-01,Console Server,Opengear,OpenGear CM8148,Opengear 23.03,Sprintpark HQ,Ground Floor Comms Room,RACK-02,4,front,active,front-to-rear,Sprintpark IT,DEMO04CM81,SPK-RACK-02-U04,Console Server at shelf 4,Example data for demonstration. Not observed equipment.
OOB-02,Console Server,Opengear,OpenGear CM8148,Opengear 23.03,Sprintpark HQ,Ground Floor Comms Room,RACK-02,3,front,active,front-to-rear,Sprintpark IT,DEMO03CM81,SPK-RACK-02-U03,Console Server at shelf 3,Example data for demonstration. Not observed equipment.
PDU-01,Power Distribution,APC,AP8853 Rack PDU,,Sprintpark HQ,Ground Floor Comms Room,RACK-02,2,front,active,passive,Sprintpark IT,DEMO02AP88,SPK-RACK-02-U02,Power Distribution at shelf 2,Example data for demonstration. Not observed equipment.
PDU-02,Power Distribution,APC,AP8853 Rack PDU,,Sprintpark HQ,Ground Floor Comms Room,RACK-02,1,front,active,passive,Sprintpark IT,DEMO01AP88,SPK-RACK-02-U01,Power Distribution at shelf 1,Example data for demonstration. Not observed equipment.
