device,name,type,enabled,mac_address,mark_connected,description
SW2,gigabitEthernet 1/0/1,1000base-t,true,30:DE:4B:23:71:0C,false,
SW2,gigabitEthernet 1/0/2,1000base-t,true,30:DE:4B:23:71:0C,false,
SW2,gigabitEthernet 1/0/3,1000base-t,true,30:DE:4B:23:71:0C,false,
SW2,gigabitEthernet 1/0/4,1000base-t,true,30:DE:4B:23:71:0C,false,
SW2,gigabitEthernet 1/0/5,1000base-t,true,30:DE:4B:23:71:0C,false,
SW2,gigabitEthernet 1/0/6,1000base-t,true,30:DE:4B:23:71:0C,true,
SW2,gigabitEthernet 1/0/7,1000base-t,true,30:DE:4B:23:71:0C,false,
SW2,gigabitEthernet 1/0/8,1000base-t,true,30:DE:4B:23:71:0C,true,
SW2,gigabitEthernet 1/0/9,1000base-t,true,30:DE:4B:23:71:0C,false,
SW2,gigabitEthernet 1/0/10,1000base-t,true,30:DE:4B:23:71:0C,false,
SW2,gigabitEthernet 1/0/11,1000base-t,true,30:DE:4B:23:71:0C,true,
SW2,gigabitEthernet 1/0/12,1000base-t,true,30:DE:4B:23:71:0C,false,
SW2,gigabitEthernet 1/0/13,1000base-t,true,30:DE:4B:23:71:0C,false,
SW2,gigabitEthernet 1/0/14,1000base-t,true,30:DE:4B:23:71:0C,false,
SW2,gigabitEthernet 1/0/15,1000base-t,true,30:DE:4B:23:71:0C,false,
SW2,gigabitEthernet 1/0/16,1000base-t,true,30:DE:4B:23:71:0C,false,
SW2,gigabitEthernet 1/0/17,1000base-t,true,30:DE:4B:23:71:0C,false,
SW2,gigabitEthernet 1/0/18,1000base-t,true,30:DE:4B:23:71:0C,false,
SW2,gigabitEthernet 1/0/19,1000base-t,true,30:DE:4B:23:71:0C,false,
SW2,gigabitEthernet 1/0/20,1000base-t,true,30:DE:4B:23:71:0C,false,
SW2,gigabitEthernet 1/0/21,1000base-t,true,30:DE:4B:23:71:0C,false,
SW2,gigabitEthernet 1/0/22,1000base-t,true,30:DE:4B:23:71:0C,false,
SW2,gigabitEthernet 1/0/23,1000base-t,true,30:DE:4B:23:71:0C,false,
SW2,gigabitEthernet 1/0/24,1000base-t,true,30:DE:4B:23:71:0C,true,
SW2,gigabitEthernet 1/0/25,1000base-t,true,30:DE:4B:23:71:0C,false,
SW2,gigabitEthernet 1/0/26,1000base-t,true,30:DE:4B:23:71:0C,false,
SW2,gigabitEthernet 1/0/27,1000base-t,true,30:DE:4B:23:71:0C,false,
SW2,gigabitEthernet 1/0/28,1000base-t,true,30:DE:4B:23:71:0C,false,
Sw1,gigabitEthernet 1/0/1,1000base-t,true,30:DE:4B:23:70:AC,false,
Sw1,gigabitEthernet 1/0/2,1000base-t,true,30:DE:4B:23:70:AC,false,
Sw1,gigabitEthernet 1/0/3,1000base-t,true,30:DE:4B:23:70:AC,false,
Sw1,gigabitEthernet 1/0/4,1000base-t,true,30:DE:4B:23:70:AC,false,
Sw1,gigabitEthernet 1/0/5,1000base-t,true,30:DE:4B:23:70:AC,false,
Sw1,gigabitEthernet 1/0/6,1000base-t,true,30:DE:4B:23:70:AC,false,
Sw1,gigabitEthernet 1/0/7,1000base-t,true,30:DE:4B:23:70:AC,false,
Sw1,gigabitEthernet 1/0/8,1000base-t,true,30:DE:4B:23:70:AC,false,
Sw1,gigabitEthernet 1/0/9,1000base-t,true,30:DE:4B:23:70:AC,false,
Sw1,gigabitEthernet 1/0/10,1000base-t,true,30:DE:4B:23:70:AC,false,
Sw1,gigabitEthernet 1/0/11,1000base-t,true,30:DE:4B:23:70:AC,false,
Sw1,gigabitEthernet 1/0/12,1000base-t,true,30:DE:4B:23:70:AC,false,
Sw1,gigabitEthernet 1/0/13,1000base-t,true,30:DE:4B:23:70:AC,false,
Sw1,gigabitEthernet 1/0/14,1000base-t,true,30:DE:4B:23:70:AC,false,
Sw1,gigabitEthernet 1/0/15,1000base-t,true,30:DE:4B:23:70:AC,false,
Sw1,gigabitEthernet 1/0/16,1000base-t,true,30:DE:4B:23:70:AC,false,
Sw1,gigabitEthernet 1/0/17,1000base-t,true,30:DE:4B:23:70:AC,false,
Sw1,gigabitEthernet 1/0/18,1000base-t,true,30:DE:4B:23:70:AC,false,
Sw1,gigabitEthernet 1/0/19,1000base-t,true,30:DE:4B:23:70:AC,false,
Sw1,gigabitEthernet 1/0/20,1000base-t,true,30:DE:4B:23:70:AC,false,
Sw1,gigabitEthernet 1/0/21,1000base-t,true,30:DE:4B:23:70:AC,false,
Sw1,gigabitEthernet 1/0/22,1000base-t,true,30:DE:4B:23:70:AC,false,
Sw1,gigabitEthernet 1/0/23,1000base-t,true,30:DE:4B:23:70:AC,false,
Sw1,gigabitEthernet 1/0/24,1000base-t,true,30:DE:4B:23:70:AC,true,
Sw1,gigabitEthernet 1/0/25,1000base-t,true,30:DE:4B:23:70:AC,false,
Sw1,gigabitEthernet 1/0/26,1000base-t,true,30:DE:4B:23:70:AC,false,
Sw1,gigabitEthernet 1/0/27,1000base-t,true,30:DE:4B:23:70:AC,false,
Sw1,gigabitEthernet 1/0/28,1000base-t,true,30:DE:4B:23:70:AC,false,
Core switch,Slot0/1,1000base-t,true,C8:78:7D:3D:E5:31,true,
Core switch,Slot0/2,1000base-t,true,C8:78:7D:3D:E5:32,true,
Core switch,Slot0/3,1000base-t,true,C8:78:7D:3D:E5:33,true,
Core switch,Slot0/4,1000base-t,true,C8:78:7D:3D:E5:34,true,
Core switch,Slot0/5,1000base-t,true,C8:78:7D:3D:E5:35,false,
Core switch,Slot0/6,1000base-t,true,C8:78:7D:3D:E5:36,false,
Core switch,Slot0/7,1000base-t,true,C8:78:7D:3D:E5:37,false,
Core switch,Slot0/8,1000base-t,true,C8:78:7D:3D:E5:38,false,
Core switch,Slot0/9,1000base-t,true,C8:78:7D:3D:E5:39,false,
Core switch,Slot0/10,1000base-t,true,C8:78:7D:3D:E5:3A,false,
Core switch,Slot0/11,1000base-t,true,C8:78:7D:3D:E5:3B,false,
Core switch,Slot0/12,1000base-t,true,C8:78:7D:3D:E5:3C,true,
Core switch,Slot0/13,1000base-t,true,C8:78:7D:3D:E5:3D,false,
Core switch,Slot0/14,1000base-t,true,C8:78:7D:3D:E5:3E,false,
Core switch,Slot0/15,1000base-t,true,C8:78:7D:3D:E5:3F,false,
Core switch,Slot0/16,1000base-t,true,C8:78:7D:3D:E5:40,true,
Core switch,Slot0/17,1000base-t,true,C8:78:7D:3D:E5:41,false,
Core switch,Slot0/18,1000base-t,true,C8:78:7D:3D:E5:42,true,
Core switch,Slot0/19,1000base-t,true,C8:78:7D:3D:E5:43,false,
Core switch,Slot0/20,1000base-t,true,C8:78:7D:3D:E5:44,false,
Core switch,Slot0/21,1000base-t,true,C8:78:7D:3D:E5:45,false,
Core switch,Slot0/22,1000base-t,true,C8:78:7D:3D:E5:46,true,
Core switch,Slot0/23,1000base-t,true,C8:78:7D:3D:E5:47,false,
Core switch,Slot0/24,1000base-t,true,C8:78:7D:3D:E5:48,false,
Core switch,Slot0/25,1000base-t,true,C8:78:7D:3D:E5:49,true,
Core switch,Slot0/26,1000base-t,true,C8:78:7D:3D:E5:4A,true,
Core switch,Slot0/27,1000base-t,true,C8:78:7D:3D:E5:4B,false,
Core switch,Slot0/28,1000base-t,true,C8:78:7D:3D:E5:4C,false,
Core switch,Slot0/29,1000base-t,true,C8:78:7D:3D:E5:4D,false,
Core switch,Slot0/30,1000base-t,true,C8:78:7D:3D:E5:4E,true,
Core switch,Slot0/31,1000base-t,true,C8:78:7D:3D:E5:4F,false,
Core switch,Slot0/32,1000base-t,true,C8:78:7D:3D:E5:50,false,
Core switch,Slot0/33,1000base-t,true,C8:78:7D:3D:E5:51,false,
Core switch,Slot0/34,1000base-t,true,C8:78:7D:3D:E5:52,false,
Core switch,Slot0/35,1000base-t,true,C8:78:7D:3D:E5:53,false,
Core switch,Slot0/36,1000base-t,true,C8:78:7D:3D:E5:54,false,
Core switch,Slot0/37,1000base-t,true,C8:78:7D:3D:E5:55,false,
Core switch,Slot0/38,1000base-t,true,C8:78:7D:3D:E5:56,false,
Core switch,Slot0/39,1000base-t,true,C8:78:7D:3D:E5:57,false,
Core switch,Slot0/40,1000base-t,true,C8:78:7D:3D:E5:58,false,
Core switch,Slot0/41,1000base-t,true,C8:78:7D:3D:E5:59,false,
Core switch,Slot0/42,1000base-t,true,C8:78:7D:3D:E5:5A,false,
Core switch,Slot0/43,1000base-t,true,C8:78:7D:3D:E5:5B,false,
Core switch,Slot0/44,1000base-t,true,C8:78:7D:3D:E5:5C,false,
Core switch,Slot0/45,1000base-t,true,C8:78:7D:3D:E5:5D,false,
Core switch,Slot0/46,1000base-t,true,C8:78:7D:3D:E5:5E,false,
Core switch,Slot0/47,1000base-t,true,C8:78:7D:3D:E5:5F,false,
Core switch,Slot0/48,1000base-t,true,C8:78:7D:3D:E5:60,false,
Core switch,Slot0/49,1000base-t,true,C8:78:7D:3D:E5:61,true,
Core switch,Slot0/50,1000base-t,true,C8:78:7D:3D:E5:62,false,
Core switch,Slot0/51,1000base-t,true,C8:78:7D:3D:E5:63,true,
Core switch,Slot0/52,1000base-t,true,C8:78:7D:3D:E5:64,true,
